game_episode,end_x,end_y
153363_1,53.708744,16.389702
153363_2,27.77523,44.446312
153363_6,30.17244,60.314075
153363_7,47.373524,4.440141
153363_8,64.45561,5.4983783
153363_9,73.633934,61.314598
153363_10,57.082592,5.0847926
153363_12,72.48786,4.843031
153363_13,36.215588,58.6446
153363_15,66.80451,9.720592
153363_16,35.48737,2.8915057
153363_17,62.081455,51.67527
153363_18,94.809525,35.991756
153363_19,41.969715,9.124777
153363_20,73.89443,6.888955
153363_21,55.61253,4.4300323
153363_22,58.820744,49.21118
153363_23,46.677727,6.1299844
153363_24,33.384056,22.961475
153363_26,61.49718,44.383244
153363_27,45.58401,49.89906
153363_28,76.29212,6.0432935
153363_29,77.95776,38.609955
153363_30,92.27545,51.866276
153363_31,70.785545,28.30091
153363_32,44.499874,11.758782
153363_33,71.40174,43.84792
153363_34,69.317726,34.460957
153363_35,46.202507,31.072063
153363_36,79.362434,29.156944
153363_37,61.96748,5.7094026
153363_38,62.65475,3.324491
153363_41,49.42345,55.807762
153363_43,72.54582,6.0289187
153363_44,84.40618,7.947776
153363_47,77.1688,8.310604
153363_48,33.839657,52.11544
153363_49,59.153507,4.08609
153363_50,57.157337,61.392952
153363_51,87.877396,9.090325
153363_52,67.67508,4.10339
153363_53,52.978264,36.010777
153363_54,72.40919,57.94103
153363_56,55.89908,5.741819
153363_57,45.35396,58.32717
153363_58,58.97822,62.003365
153363_59,64.401726,6.90115
153363_60,24.7944,36.671295
153363_61,25.608116,40.37553
153363_62,65.64086,38.192112
153363_64,66.68403,3.9492419
153363_65,88.69459,11.425394
153363_66,30.1683,59.67603
153363_67,64.76472,38.714466
153363_68,65.94553,41.17722
153363_69,28.04065,54.543743
153363_70,71.86135,7.470363
153363_71,86.00892,46.353497
153363_72,37.940838,57.44543
153363_73,25.221786,6.991483
153363_74,76.88413,16.411263
153363_75,73.73086,46.277927
153363_76,57.537758,58.947495
153363_77,38.06222,4.439442
153363_79,74.018486,20.593395
153363_80,26.854317,31.099932
153363_81,49.59791,58.925995
153363_82,76.8335,6.905743
153363_83,30.863937,3.6697884
153363_84,32.928574,25.023918
153363_85,69.80832,4.8645678
153363_86,73.752304,8.235772
153364_1,59.40124,39.282192
153364_2,35.85967,24.509369
153364_3,44.705544,32.66496
153364_4,51.54123,55.607224
153364_5,37.4898,3.6263452
153364_6,57.805405,7.4664254
153364_7,73.30877,5.708366
153364_8,33.875538,50.09403
153364_9,82.34861,36.99439
153364_10,57.74988,4.2715735
153364_11,82.830055,5.808698
153364_12,56.658978,5.608318
153364_14,81.19192,47.780186
153364_15,23.832275,2.7410965
153364_16,33.75832,36.7811
153364_17,56.03409,15.6083555
153364_18,88.09712,7.644445
153364_19,72.942154,53.002186
153364_20,49.000362,8.590671
153364_21,71.09077,61.980095
153364_22,87.67017,7.502723
153364_23,64.009735,5.2700467
153364_24,51.190853,44.52901
153364_25,66.47344,9.082183
153364_26,51.306156,10.907871
153364_27,36.549114,36.58359
153364_28,80.21884,51.737823
153364_29,44.10677,7.2111726
153364_30,48.02731,5.987123
153364_31,73.13386,33.531895
153364_32,66.80749,60.09538
153364_33,46.42071,6.436114
153364_34,51.490063,7.609163
153364_36,61.746086,38.369106
153364_37,30.602451,4.0311623
153364_38,68.772804,27.103035
153364_39,58.059483,55.063103
153364_40,55.36512,22.042511
153364_41,68.16515,54.15439
153364_42,86.201866,9.975345
153364_43,51.469997,59.013187
153364_44,78.64959,21.26458
153364_45,55.454323,47.171947
153364_46,85.77221,6.695717
153364_47,63.77463,4.755317
153364_48,93.99067,41.509388
153364_49,67.13122,10.132831
153364_50,42.596134,6.857261
153364_52,36.288815,8.561544
153364_53,47.686653,8.801707
153364_54,64.15244,62.479794
153364_55,68.74765,53.846073
153364_56,74.44611,49.654972
153364_57,66.757225,10.088357
153364_58,64.40482,4.0430317
153364_59,57.52502,26.177977
153364_61,81.02862,46.004887
153364_62,54.937237,50.52769
153364_63,78.55294,52.773815
153364_65,75.76876,54.65429
153364_66,78.01768,54.07336
153364_67,36.712765,36.74986
153364_68,45.7556,7.6133246
153364_69,58.21464,35.07591
153364_70,26.528267,2.906559
153364_71,73.49047,42.484257
153364_73,55.72761,46.09001
153364_74,67.71969,57.423813
153364_75,77.82957,60.438877
153364_76,66.432785,38.4295
153364_78,62.456844,3.0288296
153364_79,49.613552,62.774593
153364_80,70.25272,15.869
153364_81,67.52159,59.10031
153364_82,76.8807,56.335636
153364_84,67.37766,59.27696
153364_85,59.33683,5.0677752
153364_86,49.583652,42.5245
153365_1,40.72126,62.210785
153365_2,76.225334,20.45496
153365_3,30.965733,60.70242
153365_4,63.918102,3.4992957
153365_5,28.26759,45.636257
153365_6,58.059612,27.189438
153365_7,47.41077,56.58189
153365_8,57.16125,49.902042
153365_9,47.59572,5.0289664
153365_10,38.100933,64.264366
153365_11,44.003708,13.471623
153365_12,31.072723,61.306484
153365_13,43.498756,50.306362
153365_14,52.838234,53.637997
153365_15,45.97813,7.320144
153365_16,18.240147,7.398783
153365_17,58.361668,6.7509246
153365_20,70.29078,6.4461293
153365_21,72.185585,14.972522
153365_23,56.153667,7.93783
153365_24,65.50602,33.4603
153365_25,86.97622,49.016956
153365_26,18.903114,3.0640159
153365_28,65.4518,25.94709
153365_29,79.154076,41.926136
153365_30,68.78568,45.980145
153365_31,88.836235,32.764484
153365_32,48.88407,11.397611
153365_33,42.10155,6.4730697
153365_34,53.77564,56.43831
153365_35,68.37502,3.4092994
153365_36,27.10807,49.751354
153365_37,64.9555,3.8033686
153365_38,83.620964,14.576617
153365_39,42.5585,55.750107
153365_40,82.1407,31.90644
153365_41,38.011833,7.970059
153365_42,68.65917,61.929585
153365_43,77.17318,46.91306
153365_44,50.20059,8.027178
153365_45,77.518654,16.649097
153365_46,77.99467,34.484768
153365_47,57.501694,37.64845
153365_48,74.35471,44.779083
153365_49,28.24696,49.079212
153365_50,51.27528,19.221619
153365_51,78.89976,44.836803
153365_53,25.832432,41.97583
153365_54,31.552544,57.663967
153365_55,46.70561,10.044419
153365_56,78.785614,4.5747495
153365_57,75.76989,29.631409
153365_58,46.704548,4.19184
153365_59,89.53536,9.090089
153365_60,88.0612,8.660772
153365_61,26.575474,53.90758
153365_62,85.73489,50.931927
153365_64,67.25092,61.590244
153365_65,46.047634,3.8485425
153365_66,62.40492,5.8633256
153365_68,72.73996,32.03196
153365_69,31.611458,57.066563
153365_70,62.824265,49.13914
153365_71,29.751392,30.735376
153365_72,77.91356,27.350414
153365_73,83.26127,28.095936
153365_74,69.85888,8.716893
153365_75,33.572353,27.705618
153365_76,52.961353,28.020802
153365_77,76.05587,11.56635
153365_79,66.45974,4.0173717
153365_80,74.82711,25.259941
153365_82,69.44167,6.6169662
153365_83,23.941875,40.793934
153365_84,86.72761,25.128517
153365_85,47.651917,5.6857653
153365_86,75.59983,50.043087
153365_89,65.881645,20.560684
153365_90,74.358315,41.070057
153365_91,76.69743,7.4045553
153365_92,81.4676,7.459554
153365_93,73.18862,16.197186
153366_1,84.282524,49.00085
153366_3,87.20821,29.648035
153366_4,44.012714,39.634296
153366_5,39.18508,5.7084546
153366_6,75.59781,59.491413
153366_7,25.760231,43.5718
153366_8,52.423794,6.556228
153366_9,41.07162,5.6803427
153366_10,76.401024,32.160755
153366_11,86.8352,17.512596
153366_12,47.885105,61.559643
153366_13,28.078777,3.8891792
153366_14,75.36912,47.947926
153366_15,77.01627,33.361687
153366_16,48.003254,53.343388
153366_17,29.594227,60.13768
153366_18,55.811703,6.089063
153366_19,84.0308,22.045504
153366_20,71.99355,59.367237
153366_21,34.85029,46.76221
153366_22,66.112045,62.95287
153366_23,38.542263,11.412034
153366_24,44.89966,60.538277
153366_25,62.01741,52.034008
153366_27,75.692825,6.342797
153366_28,47.735493,51.492474
153366_29,37.666492,20.840702
153366_30,70.29643,5.210969
153366_31,44.754246,10.151366
153366_32,79.950935,5.841705
153366_33,92.837364,49.676804
153366_35,81.15348,59.42596
153366_36,77.35646,45.245384
153366_37,63.14951,4.703934
153366_38,34.6775,2.711182
153366_39,45.526134,12.587304
153366_40,66.151474,5.1757684
153366_41,34.901184,61.21825
153366_42,74.88207,19.36756
153366_43,83.53373,50.36266
153366_44,43.017338,31.786045
153366_46,79.6106,40.404972
153366_47,65.931145,56.656757
153366_48,70.24146,46.903576
153366_49,89.07716,59.84666
153366_50,50.393085,21.18353
153366_51,75.795044,46.87594
153366_52,60.70091,62.027435
153366_53,56.303223,3.0663443
153366_54,92.35462,35.079266
153366_55,54.985023,2.5433676
153366_56,84.639595,59.135395
153366_57,62.2243,53.078342
153366_58,53.7992,20.081411
153366_59,57.196095,42.66618
153366_60,77.773415,43.148518
153366_61,73.42754,55.028923
153366_62,70.6645,50.496967
153366_64,67.44775,34.082554
153366_65,49.925636,37.18129
153366_66,86.734795,7.522214
153366_67,56.592747,28.496662
153366_68,77.26779,5.9737315
153366_69,76.299095,59.693245
153366_71,76.69347,53.59962
153366_72,70.59264,3.5270588
153366_73,71.02747,47.915203
153366_74,32.331554,56.794403
153366_75,60.250214,3.7261357
153366_76,43.696926,4.245024
153366_77,27.434055,52.082027
153366_78,63.333187,4.782783
153366_79,90.78216,54.55248
153366_80,32.843533,43.776806
153366_81,58.171917,8.213633
153366_82,33.090763,8.953607
153366_83,26.124737,41.80705
153366_84,77.30889,39.220066
153366_85,63.396797,59.873524
153366_86,75.94438,5.3601956
153366_88,54.73255,55.308605
153366_89,48.13136,54.528576
153366_90,66.365746,49.865906
153366_92,26.62307,40.746624
153366_93,74.367226,9.206084
153366_94,32.69077,57.70369
153366_95,73.84977,61.054485
153367_1,59.64732,4.1246862
153367_2,53.420353,43.291874
153367_3,68.27392,4.1430397
153367_4,73.29028,3.2874794
153367_7,30.300934,40.693798
153367_8,50.777134,27.058632
153367_9,74.26346,50.41743
153367_10,27.983448,48.139965
153367_11,48.016193,61.619923
153367_12,71.027,33.98717
153367_13,51.628433,48.324856
153367_14,89.73199,9.581333
153367_16,80.19654,38.670017
153367_17,58.971767,4.16051
153367_18,52.9939,51.45222
153367_19,35.92795,27.726128
153367_21,31.256378,57.269093
153367_22,31.830708,54.364635
153367_24,43.101532,6.8031936
153367_25,81.716125,9.539556
153367_26,66.02085,43.368565
153367_27,32.745834,2.6073034
153367_28,40.36709,7.0658364
153367_30,40.855927,14.327506
153367_31,73.20328,3.585916
153367_32,83.36243,40.750126
153367_33,44.66845,16.862633
153367_34,62.540695,12.669793
153367_35,30.488342,50.618214
153367_36,54.488926,6.5749936
153367_37,86.22971,59.63574
153367_38,77.772804,8.677724
153367_39,87.14269,42.335873
153367_40,29.553581,2.507338
153367_41,57.595264,22.034962
153367_42,29.267788,58.461468
153367_43,44.733654,22.661554
153367_44,27.427834,2.3827212
153367_45,47.00828,58.991016
153367_46,76.14915,49.382614
153367_47,65.87335,5.1766562
153367_48,61.19624,3.2073247
153367_49,88.77178,43.47465
153367_50,58.750683,54.041187
153367_51,78.96062,35.009632
153367_52,31.507019,51.411766
153367_53,77.83788,42.885715
153367_54,83.689705,56.090717
153367_55,46.664944,6.061897
153367_56,64.577705,57.700832
153367_58,68.749825,7.8213644
153367_59,26.633953,2.7911396
153367_60,30.991447,57.583344
153367_61,74.21621,7.0433
153367_62,39.2972,52.251934
153367_63,36.81179,7.294168
153367_64,88.85433,46.045444
153367_65,78.07237,45.143475
153367_66,91.65072,55.05335
153367_67,25.188652,50.24835
153367_68,58.237057,53.086163
153367_69,69.244225,55.04773
153367_70,74.95765,57.59263
153367_71,74.2098,15.313117
153367_72,85.83643,39.81912
153367_73,29.605682,57.12074
153367_74,75.904526,23.574375
153367_75,49.005352,19.098482
153367_76,30.346436,2.3623228
153367_77,83.87493,26.700039
153367_78,35.918224,11.507227
153367_79,35.774612,7.0952363
153367_80,35.021107,33.796543
153367_81,73.667175,56.446163
153367_82,47.649014,4.0772877
153367_83,58.6419,44.705418
153367_84,60.213696,48.583607
153367_85,39.479996,59.264923
153367_87,66.020515,30.277943
153367_89,79.490944,18.661823
153367_90,74.11431,53.710575
153367_92,53.48746,53.524426
153367_93,72.09171,4.807607
153367_94,70.6939,33.511684
153367_95,72.36579,28.512978
153367_96,60.993298,60.67884
153367_97,22.547005,3.0244737
153367_98,59.207607,4.6061373
153367_99,68.13039,62.503624
153367_101,82.0933,40.19427
153367_102,34.707775,10.948516
153367_103,23.05857,9.459786
153367_104,80.37032,49.480263
153367_106,74.704636,6.835447
153367_107,55.687458,43.638405
153367_108,40.1235,10.233287
153367_109,53.84318,20.508297
153367_110,69.6121,61.12304
153367_111,50.470165,38.680866
153368_1,61.56126,40.800194
153368_2,46.51099,49.714603
153368_3,76.86228,19.597687
153368_4,60.430172,35.79846
153368_5,62.270054,55.067905
153368_8,62.492283,60.402973
153368_9,79.113945,60.349117
153368_10,74.197975,58.24105
153368_11,80.95991,10.4604435
153368_12,48.64643,3.6377609
153368_14,82.73168,47.980495
153368_15,53.246964,22.292461
153368_16,48.997944,11.173951
153368_17,33.31687,5.5197787
153368_18,44.278698,4.5988564
153368_19,68.55559,4.981534
153368_20,83.568886,52.64785
153368_21,72.954056,45.48139
153368_22,29.552376,41.11958
153368_25,63.18398,53.945522
153368_26,55.288723,3.5645685
153368_27,40.885967,5.168432
153368_28,55.553715,46.148964
153368_29,83.50408,30.371508
153368_30,71.88704,4.9231377
153368_31,79.408646,6.236488
153368_32,54.433987,61.636272
153368_33,55.15671,57.695232
153368_34,79.35558,9.936698
153368_36,76.615654,57.42647
153368_37,43.117207,9.439891
153368_38,26.973156,44.376415
153368_39,72.23334,59.751213
153368_41,54.55602,4.9698515
153368_42,81.61567,24.126497
153368_44,64.94547,30.352016
153368_45,88.809715,15.04354
153368_46,81.924446,56.573406
153368_47,55.114628,49.239925
153368_48,66.20875,29.531895
153368_49,76.65795,8.370204
153368_51,49.309063,9.745244
153368_52,57.31065,37.044674
153368_53,34.412632,56.152245
153368_54,62.00303,34.27206
153368_55,34.91576,3.076478
153368_57,60.212536,43.860195
153368_58,56.333122,52.244404
153368_59,67.76333,18.238384
153368_60,82.01142,43.338978
153368_61,80.41746,14.264693
153368_62,28.196117,58.508976
153368_63,31.00856,60.810925
153368_64,73.319435,43.383934
153368_65,74.625694,27.62212
153368_66,38.157658,23.851543
153368_68,62.03977,9.942826
153368_69,89.16996,58.51864
153368_70,82.96533,31.827934
153368_71,65.145874,40.39284
153368_73,79.4885,32.868748
153368_74,75.59991,10.558181
153368_75,28.803684,51.31383
153368_76,73.13694,32.60681
153368_77,67.16448,25.846237
153368_78,88.27788,7.6850977
153368_79,47.239105,57.221172
153368_80,83.42558,37.54739
153368_81,77.19164,28.709518
153368_82,72.97671,58.558743
153368_84,73.898994,38.261745
153368_85,47.051437,39.186604
153368_86,82.25326,14.221977
153369_1,73.304306,53.381474
153369_2,84.188545,53.321545
153369_3,83.46708,61.981377
153369_4,14.518199,4.3638406
153369_5,29.439415,60.173157
153369_7,75.217094,12.236661
153369_10,42.669895,57.733326
153369_11,87.36323,7.9011703
153369_12,83.99047,43.86667
153369_13,87.707985,37.886147
153369_14,37.25459,61.453888
153369_15,80.883865,33.46356
153369_16,60.190342,55.07803
153369_17,74.229805,47.387173
153369_18,67.31524,5.1050935
153369_19,82.82786,17.181126
153369_20,53.658115,40.56106
153369_21,29.855328,46.132183
153369_22,59.006474,61.57607
153369_23,63.20823,61.748817
153369_24,55.66441,54.02048
153369_25,58.85481,34.14539
153369_26,68.643974,55.050198
153369_27,73.59098,19.25859
153369_28,57.65964,22.989664
153369_29,59.545383,45.382675
153369_30,84.41393,7.797128
153369_31,70.648735,14.991385
153369_33,29.395569,43.72329
153369_34,82.20893,59.74934
153369_35,85.93685,32.14054
153369_37,78.69842,6.4877553
153369_38,84.29912,7.0545845
153369_39,63.5144,4.8753495
153369_41,85.014015,30.20726
153369_42,54.582123,17.450104
153369_43,50.649815,5.046823
153369_44,69.8041,54.80825
153369_45,50.78239,7.741344
153369_46,82.039825,28.783035
153369_50,73.1276,6.184982
153369_51,39.778286,57.46554
153369_52,60.403057,61.93079
153369_54,56.476856,60.732883
153369_55,66.230576,5.943583
153369_56,57.31621,5.7046614
153369_57,71.15452,5.5154233
153369_58,45.289764,5.0807824
153369_60,89.594894,7.393395
153369_62,84.83906,53.18145
153369_63,41.42513,59.384037
153369_65,54.232273,4.283077
153369_66,80.885475,8.04242
153369_67,84.11707,49.9396
153369_68,86.64947,53.230225
153369_69,82.46917,33.090504
153369_70,76.09973,19.144463
153369_71,59.826977,9.329259
153369_72,68.19358,6.5528774
153369_73,26.795208,54.587883
153369_76,13.435874,5.0910482
153369_77,79.31248,6.8088593
153369_78,39.188072,18.949278
153369_80,54.833843,46.4428
153369_82,47.656044,2.53495
153369_83,72.55879,46.889214
153369_84,78.33877,6.540407
153369_85,76.14058,56.01865
153369_86,82.13329,16.983137
153369_88,59.24467,43.91132
153370_1,51.28622,20.286186
153370_2,44.73786,3.1342726
153370_3,67.517815,15.2686
153370_4,65.99567,3.8082871
153370_5,83.31664,27.274845
153370_6,87.465164,8.3378105
153370_7,29.767628,19.768152
153370_8,93.592415,31.820938
153370_9,30.168427,56.868618
153370_10,64.0296,53.572502
153370_11,78.562584,32.142902
153370_12,71.34246,61.07028
153370_13,58.435238,56.388355
153370_14,87.97094,17.315289
153370_16,59.838398,3.8059967
153370_17,46.066067,56.430664
153370_18,53.463223,7.674209
153370_19,59.90624,3.4325662
153370_20,58.585247,60.841698
153370_21,29.506134,41.45969
153370_22,58.682106,18.543571
153370_23,50.38927,15.650664
153370_24,40.542046,26.790846
153370_25,56.089687,35.597095
153370_26,69.8975,4.793923
153370_27,73.37468,5.902946
153370_28,71.529015,6.4370966
153370_30,63.516563,56.116795
153370_31,66.742584,43.64803
153370_32,34.8526,34.955082
153370_33,82.025536,38.062572
153370_35,57.661716,30.203295
153370_36,71.514946,4.6824155
153370_37,42.891605,56.984287
153370_38,27.716022,52.33128
153370_39,38.603443,8.166374
153370_40,73.29045,59.04556
153370_41,81.29564,5.8266225
153370_42,29.338352,59.43405
153370_43,81.75587,11.826677
153370_44,25.115929,2.1794434
153370_45,86.5711,29.432806
153370_46,74.63971,4.5057535
153370_47,87.89354,18.859627
153370_49,67.444176,43.193066
153370_50,50.6163,18.531036
153370_51,58.84747,33.510365
153370_53,24.27821,50.94739
153370_54,56.096836,47.12196
153370_55,26.908089,54.17719
153370_56,28.648102,57.773766
153370_57,53.944954,6.774503
153370_58,61.600506,57.101627
153370_59,76.4779,7.1438255
153370_60,86.10738,8.158073
153370_61,92.18416,55.828518
153370_63,72.0371,6.513791
153370_64,79.97343,59.70107
153370_65,74.21113,5.10331
153370_66,41.45514,6.345692
153370_67,59.169064,9.922763
153370_68,59.176834,40.135143
153370_69,29.9604,50.384518
153370_70,39.811962,6.171373
153370_71,57.3081,30.699383
153370_72,47.26456,3.3101764
153370_73,70.22262,61.701984
153370_74,41.63819,5.05845
153370_75,59.83614,31.24694
153370_76,75.56859,6.360721
153370_78,33.94737,30.457325
153370_79,39.854893,21.27105
153370_80,43.113903,10.811637
153370_81,40.131367,26.856411
153370_83,61.190006,25.58884
153370_85,49.51482,37.625637
153370_86,64.17243,7.4868674
153370_88,50.032787,27.39193
153370_89,86.799644,14.767591
153370_90,74.12373,59.74364
153370_91,85.78681,38.088074
153370_92,69.2571,61.960308
153371_1,64.3243,4.461974
153371_2,24.990635,2.3199039
153371_3,57.33036,4.6255827
153371_4,53.335968,45.70239
153371_5,54.56692,54.77479
153371_6,82.60685,59.709785
153371_7,51.575947,5.084306
153371_8,63.951767,4.2351255
153371_9,50.591793,3.4641588
153371_10,51.29839,3.6956742
153371_11,71.80599,4.953403
153371_12,58.327236,54.077724
153371_13,65.426125,35.274666
153371_14,86.144966,31.471466
153371_15,69.48237,34.140263
153371_16,66.923134,59.994556
153371_17,52.593864,23.779255
153371_18,51.370953,48.05958
153371_19,43.509075,50.028282
153371_20,50.86111,7.5660596
153371_21,52.99916,5.8673115
153371_22,48.617413,2.3775978
153371_23,57.838352,57.808674
153371_24,86.817566,31.689445
153371_25,94.17805,38.080353
153371_26,37.01522,12.177827
153371_27,62.366425,31.672865
153371_28,86.0763,7.9015155
153371_29,56.086887,30.674625
153371_30,74.6005,21.826168
153371_31,67.72442,61.453167
153371_32,65.54385,32.077972
153371_34,92.582924,38.574135
153371_35,46.558422,9.588148
153371_36,66.06428,5.495854
153371_37,88.398796,7.6414375
153371_38,75.24543,12.660614
153371_39,23.43002,15.654407
153371_40,56.704144,49.815
153371_41,74.82076,11.084886
153371_42,85.49793,43.23149
153371_43,25.848583,3.5575004
153371_44,46.22269,41.37473
153371_45,65.953926,5.897366
153371_48,31.624989,5.540562
153371_49,70.69442,12.018865
153371_50,59.20517,5.5384736
153371_51,63.045094,57.16047
153371_52,72.231026,56.590385
153371_53,61.4276,35.919506
153371_54,43.678772,4.9346995
153371_55,82.14917,24.564987
153371_56,36.45933,59.092937
153371_57,63.474148,53.998722
153371_58,65.77318,3.942865
153371_60,79.98542,29.160023
153371_61,74.59436,52.450943
153371_62,80.12176,39.808598
153371_63,44.647724,9.007049
153371_64,57.922024,58.223507
153371_65,29.24261,2.1260734
153371_66,50.660656,25.579075
153371_67,78.733826,60.683514
153371_68,78.93258,46.65028
153371_69,86.63632,52.03053
153371_70,76.446465,59.699917
153371_71,49.778477,6.034041
153371_72,57.043095,9.228698
153371_73,68.15148,3.1179976
153371_74,74.6436,7.4810596
153371_75,70.77095,59.420345
153371_76,42.01482,50.13671
153371_77,73.368935,58.71345
153371_78,75.034065,60.894592
153371_79,52.71507,59.15264
153371_80,83.22651,10.491021
153371_81,47.046795,6.487658
153371_82,53.699577,57.401783
153371_83,76.671074,8.83512
153371_84,56.973858,36.490437
153371_85,87.68563,53.556072
153371_86,83.069374,34.170555
153371_87,60.154068,52.51679
153371_88,42.45684,3.131597
153372_1,42.664547,6.5186024
153372_2,30.704018,2.4391098
153372_3,68.502304,7.8798213
153372_4,34.710526,2.0104706
153372_5,58.796673,4.9482245
153372_6,32.633465,2.5388062
153372_7,82.79723,59.19532
153372_9,89.465004,60.953037
153372_10,78.59049,4.5976
153372_11,43.81652,3.1474295
153372_12,59.304,55.97115
153372_13,47.336124,11.742025
153372_14,80.60275,7.205173
153372_16,52.664265,53.76338
153372_17,68.8215,17.573792
153372_18,68.641014,24.192638
153372_19,73.622314,43.49416
153372_20,41.56722,8.418912
153372_21,66.48359,50.280613
153372_22,86.79739,6.8794293
153372_24,49.090862,31.394577
153372_25,55.900753,30.307495
153372_26,33.035,56.499165
153372_27,39.35922,30.582024
153372_28,48.907116,8.49647
153372_29,64.6011,25.083527
153372_30,71.7804,56.771008
153372_31,63.10255,3.937697
153372_32,46.255524,31.49327
153372_33,71.59414,23.842312
153372_34,58.732075,35.35335
153372_35,33.39211,49.80244
153372_36,76.53422,7.7050204
153372_38,34.986385,2.5141625
153372_39,79.14294,54.67078
153372_40,80.59124,45.99982
153372_41,63.58586,6.943787
153372_42,83.56225,50.78078
153372_43,41.05888,5.3674674
153372_44,84.751305,44.52783
153372_45,34.79462,35.936733
153372_46,90.19694,20.816536
153372_47,76.49059,57.584152
153372_48,61.92564,12.140258
153372_49,50.159313,5.2305436
153372_50,34.97003,2.880484
153372_51,28.771801,2.1411839
153372_52,71.06001,59.912045
153372_53,29.361961,53.463963
153372_54,42.765823,3.7728891
153372_55,88.854485,26.05655
153372_56,62.52008,60.35715
153372_57,66.12545,7.8180966
153372_58,57.473675,53.1301
153372_59,46.75335,8.274117
153372_60,49.392467,32.265324
153372_61,82.453606,24.10279
153372_62,49.212315,4.252442
153372_63,57.506126,4.3434176
153372_64,72.72266,9.032348
153372_65,41.00372,19.935234
153372_66,73.46072,59.078846
153372_67,83.48188,48.40637
153372_68,54.952892,52.91224
153372_69,78.697365,18.405392
153372_70,40.789646,1.8570156
153372_71,69.80569,27.614145
153372_72,52.162067,40.441265
153372_73,14.056634,4.6888933
153372_74,81.23794,25.819818
153372_75,85.64094,7.142608
153372_76,57.166576,14.9377575
153372_77,71.53036,24.815989
153372_79,59.284573,61.49252
153372_80,76.2629,31.46447
153372_82,78.85087,49.486618
153372_83,39.17689,8.74207
153372_84,80.78542,42.089645
153372_85,30.350227,32.83886
153372_86,58.698597,54.122303
153372_87,53.695164,53.75986
153372_88,31.447567,39.502254
153372_89,51.77195,58.309994
153372_90,53.646275,55.1004
153372_91,60.565346,33.563984
153372_92,31.53762,38.4318
153372_93,84.82254,35.147617
153372_94,92.90669,41.55849
153372_95,79.29567,43.3169
153372_96,52.625908,39.192104
153372_97,30.502724,53.55306
153373_1,78.337135,14.007441
153373_2,58.688755,3.7059054
153373_3,52.35715,54.9736
153373_4,74.801994,5.33019
153373_5,40.67223,10.772363
153373_6,26.460278,52.728054
153373_7,32.55591,3.0642009
153373_8,37.58935,5.0491376
153373_9,89.056725,39.859005
153373_10,36.476734,7.3401246
153373_13,34.241116,5.779349
153373_14,73.68099,15.313966
153373_15,76.38275,5.7529993
153373_16,47.46437,4.8454337
153373_17,65.685844,5.0225854
153373_18,33.326336,58.576458
153373_19,27.043228,53.23007
153373_20,34.650196,1.9093728
153373_21,76.444595,5.5499144
153373_22,61.78591,56.631138
153373_23,76.9365,12.727054
153373_24,79.591385,28.80143
153373_25,78.95641,3.7516012
153373_26,73.530785,4.656856
153373_27,50.93555,4.3116393
153373_28,77.843,60.324486
153373_29,70.26246,55.97221
153373_30,26.229282,2.8575208
153373_31,57.74126,18.02452
153373_32,34.040806,54.545116
153373_34,23.837723,24.09945
153373_35,76.486015,48.492283
153373_36,73.99154,47.24948
153373_37,37.533607,4.9157176
153373_38,77.54189,33.674603
153373_40,50.160862,9.020962
153373_41,86.77925,12.346152
153373_44,55.43879,55.84538
153373_45,61.840813,3.6806145
153373_46,75.47985,19.740986
153373_47,41.80592,60.840176
153373_49,31.929562,60.69151
153373_50,32.64399,62.28928
153373_51,77.40796,5.763967
153373_52,82.77966,25.366386
153373_54,53.18867,59.52533
153373_55,41.34982,4.5387173
153373_56,40.352585,27.21204
153373_57,80.124306,43.592457
153373_58,80.92567,43.626263
153373_60,83.76806,50.876625
153373_61,25.551556,3.5703075
153373_63,46.50233,58.610996
153373_64,63.75478,48.376568
153373_65,46.955875,4.6295657
153373_66,65.58083,4.3031545
153373_67,56.027554,4.5988827
153373_68,47.798183,10.079246
153373_70,60.400303,62.221455
153373_71,69.951065,61.250755
153373_72,41.003773,23.928093
153373_73,45.025585,9.337161
153373_76,91.8527,60.9179
153373_77,67.6793,63.89478
153373_78,35.11855,2.0341113
153373_79,29.567093,54.260353
153373_80,75.414406,47.078426
153373_81,27.077393,3.646352
153373_82,66.77881,3.581964
153373_83,80.29835,5.9493537
153373_84,55.283997,33.27187
153373_86,64.416725,34.28471
153373_87,82.479836,34.371696
153373_88,57.22694,44.238194
153373_89,60.53684,60.814785
153373_90,48.382465,54.392193
153373_91,58.037945,53.989864
153373_92,69.51832,36.22539
153373_93,73.42562,52.71649
153373_94,68.85166,5.0577054
153373_95,52.609005,36.859158
153373_96,62.85428,3.1990175
153373_98,40.885685,8.603274
153373_99,79.98854,6.6476316
153374_1,57.038296,33.3897
153374_2,33.772312,25.694132
153374_3,60.298073,47.0182
153374_4,35.7921,12.380027
153374_5,41.97438,4.140427
153374_6,83.846016,9.83436
153374_7,66.990654,55.857277
153374_8,49.70957,13.745122
153374_9,30.973072,56.19903
153374_11,36.69797,14.783013
153374_12,83.33128,41.86205
153374_14,45.933678,21.362408
153374_15,46.395294,56.486286
153374_16,50.200836,18.743925
153374_18,43.7462,50.444935
153374_19,64.37535,4.4426293
153374_20,59.314945,8.732408
153374_22,53.563625,29.647724
153374_23,32.475258,21.142792
153374_24,57.78435,50.67236
153374_25,83.72611,43.745144
153374_26,77.50222,46.34949
153374_27,31.068413,60.52338
153374_28,86.42922,59.097378
153374_30,80.41024,13.70486
153374_31,70.345436,5.8202043
153374_32,38.595043,59.918537
153374_33,89.62369,33.352047
153374_36,70.58448,54.60439
153374_37,63.038044,24.056217
153374_38,88.43899,9.074113
153374_39,44.421734,60.57207
153374_40,40.67696,59.56458
153374_41,74.59336,8.228946
153374_43,74.78422,54.092453
153374_44,66.70719,7.2585645
153374_45,72.360756,11.373666
153374_46,49.694775,64.342804
153374_47,37.644802,9.168898
153374_48,78.389915,46.503597
153374_49,58.317432,40.235527
153374_50,52.360607,8.486091
153374_51,72.24688,24.752647
153374_52,74.09224,54.16669
153374_53,33.72111,29.426975
153374_54,67.28279,4.0434136
153374_55,38.166565,60.884567
153374_56,31.186836,62.318348
153374_57,29.727955,58.62469
153374_58,67.99886,26.218334
153374_59,66.94262,36.689495
153374_61,76.90797,47.947865
153374_62,85.966896,55.155556
153374_63,55.062683,3.0363715
153374_64,74.51793,7.784739
153374_65,59.320457,38.44707
153374_66,51.56166,5.6310344
153374_67,74.62152,16.58268
153374_68,64.13333,13.076543
153374_69,86.05931,18.160408
153374_71,67.18232,4.4838233
153374_73,71.61198,7.236836
153374_74,85.80924,10.24109
153374_75,68.0902,4.388838
153374_76,74.842354,4.85181
153374_77,83.12186,6.7131886
153374_79,66.14789,7.6986094
153374_80,76.140114,50.756794
153374_82,36.106525,6.217541
153374_83,77.68865,20.196796
153374_84,74.38889,41.264744
153374_85,29.440166,38.53771
153375_1,67.667076,60.13851
153375_2,34.469524,29.58453
153375_3,74.43365,52.67312
153375_5,90.01325,48.311626
153375_6,24.726704,3.3662162
153375_7,71.564384,4.6530538
153375_8,73.76771,55.5698
153375_9,79.69485,33.392315
153375_10,75.928474,58.578014
153375_11,45.14182,8.941653
153375_12,73.88241,61.5921
153375_13,49.36632,13.391112
153375_14,27.753471,2.1045177
153375_15,41.253826,51.44008
153375_16,81.54911,59.18311
153375_17,27.146347,55.651264
153375_18,56.40304,2.7407548
153375_19,72.479965,4.3741875
153375_20,59.28018,16.741077
153375_21,59.968967,33.02503
153375_22,89.89478,9.681651
153375_23,30.929127,2.732848
153375_24,75.4962,9.602599
153375_25,77.88242,5.476401
153375_26,61.214382,48.899544
153375_27,35.180332,46.029552
153375_28,61.029892,9.372626
153375_29,56.735264,41.054646
153375_30,75.20766,6.032469
153375_32,47.980564,9.7401705
153375_33,75.66003,41.044613
153375_35,29.484432,47.096806
153375_36,81.588486,42.36575
153375_39,55.343586,49.442226
153375_40,53.458355,6.5047827
153375_41,54.892982,48.330093
153375_42,32.77169,2.9642866
153375_43,34.281734,2.6678064
153375_44,65.74222,40.950882
153375_45,41.45048,5.978304
153375_46,42.571503,15.560077
153375_47,31.694386,54.363255
153375_48,65.13972,5.484862
153375_49,83.4826,48.43903
153375_50,44.824085,62.634026
153375_51,68.011604,28.340986
153375_53,57.5127,52.418335
153375_54,84.09617,36.80852
153375_55,30.427277,60.5274
153375_56,39.800404,23.39732
153375_57,34.00511,55.539753
153375_58,90.37748,9.605584
153375_59,23.176407,32.131226
153375_60,45.69019,39.96934
153375_61,44.004314,60.951916
153375_62,59.870785,51.548588
153375_63,46.466175,59.97997
153375_65,34.024837,55.388103
153375_66,17.75663,4.4249544
153375_67,62.826397,8.106785
153375_68,55.557163,18.206244
153375_69,55.964523,54.001408
153375_70,82.08169,28.030499
153375_71,72.96998,57.848152
153375_72,84.39953,48.47047
153375_73,73.90238,6.778624
153375_77,76.14173,5.1084943
153375_78,79.39717,16.683596
153375_79,71.11678,29.284924
153375_80,79.64597,6.508435
153375_82,31.374828,60.939045
153375_83,71.733665,7.686732
153375_84,73.36275,28.591335
153376_1,45.46165,59.82272
153376_2,82.97222,39.473614
153376_3,72.71824,5.1292205
153376_4,78.295555,8.030387
153376_5,47.479713,20.730667
153376_6,81.293526,25.722504
153376_7,81.65986,6.1593804
153376_8,74.043945,19.208664
153376_9,74.6776,11.605847
153376_10,89.57045,58.584354
153376_11,74.88508,55.629192
153376_12,68.82623,4.30131
153376_13,85.44211,7.381008
153376_15,54.008087,21.257248
153376_16,66.10207,61.29423
153376_18,60.75947,8.295676
153376_19,71.16874,48.846905
153376_22,32.182594,54.39896
153376_23,74.370384,4.934509
153376_24,47.0824,9.180139
153376_25,35.163998,18.991896
153376_26,53.609074,3.3778787
153376_27,72.03893,3.3151178
153376_28,37.73601,5.557812
153376_29,69.48221,6.029967
153376_30,78.87397,48.570446
153376_31,79.51798,58.164165
153376_33,55.028893,33.64181
153376_34,76.45158,8.604651
153376_35,85.031395,61.605846
153376_36,81.297676,46.280254
153376_39,81.79675,41.7165
153376_40,84.540565,17.72033
153376_41,27.32095,48.537777
153376_42,40.518085,31.625193
153376_43,86.528244,8.625417
153376_44,83.889885,18.23347
153376_47,81.702446,6.027949
153376_48,71.39019,63.224216
153376_49,35.765823,53.412083
153376_50,37.09242,15.42157
153376_51,28.275814,25.915882
153376_52,68.74085,30.755793
153376_53,65.63494,57.488064
153376_54,73.548065,28.51547
153376_55,66.85374,35.5955
153376_56,93.57845,55.155605
153376_57,39.35628,4.403333
153376_60,26.910423,44.467655
153376_61,75.28872,5.562366
153376_62,65.2683,46.47554
153376_63,36.4331,12.538215
153376_64,51.781315,56.830288
153376_65,89.59101,12.680545
153376_66,33.83804,12.69254
153376_67,67.10312,3.4349527
153376_68,50.665043,4.7819247
153376_69,46.37203,58.072323
153376_70,29.031075,58.455105
153376_71,49.392345,61.24659
153376_72,74.2286,8.206449
153376_73,84.251274,6.6091814
153376_75,74.03283,5.709148
153376_76,92.5343,36.189434
153376_77,38.25829,25.395233
153376_78,83.36655,7.760358
153376_79,93.71482,16.931637
153376_80,47.993183,8.513005
153376_81,60.348335,3.0201044
153376_82,77.892204,7.6551075
153376_83,83.984795,34.727047
153376_84,85.56895,40.38395
153376_85,52.902203,1.7706758
153376_86,76.768265,37.352825
153376_87,71.31312,56.857197
153376_88,85.32906,32.670193
153376_89,56.315975,51.137638
153377_1,77.30912,51.408127
153377_2,65.49912,59.394703
153377_3,61.51542,3.455244
153377_7,84.21888,42.260662
153377_8,92.35424,43.149364
153377_9,30.019875,55.468666
153377_10,29.690174,54.840458
153377_11,56.956264,43.91637
153377_12,37.968136,31.32368
153377_13,33.53035,17.576899
153377_14,41.184246,57.848183
153377_15,28.70776,58.402752
153377_16,83.35479,55.085056
153377_17,76.09009,18.772793
153377_18,30.235699,57.261322
153377_19,13.910866,4.5771976
153377_20,43.140026,11.222745
153377_21,39.46992,7.8608947
153377_22,85.70037,7.9422574
153377_23,48.482735,12.649732
153377_24,80.10264,32.949196
153377_25,51.89587,5.1999507
153377_26,54.05302,28.486774
153377_27,58.994907,7.349221
153377_28,52.095715,37.24745
153377_29,87.765144,50.264812
153377_30,32.106606,51.357647
153377_31,58.26225,15.16682
153377_32,70.90661,12.311505
153377_33,13.146325,5.146746
153377_34,89.72921,57.696156
153377_35,79.30117,40.35065
153377_36,56.257343,45.105507
153377_37,77.20101,12.404513
153377_38,78.579735,58.84609
153377_39,13.76968,6.162898
153377_40,27.384731,54.527225
153377_41,23.889263,3.309896
153377_42,75.69459,5.768337
153377_43,38.095943,48.57787
153377_44,81.44062,41.068165
153377_45,83.26078,5.9400587
153377_46,28.330482,11.997388
153377_47,39.26634,32.719128
153377_48,33.421078,55.65027
153377_49,59.419117,46.875107
153377_50,27.560734,35.0323
153377_51,55.187893,5.3471246
153377_52,36.491985,2.3098419
153377_53,47.873768,25.713343
153377_54,47.14203,37.251587
153377_55,50.431614,9.464438
153377_56,75.77973,5.646794
153377_58,38.399975,56.61242
153377_59,48.759773,3.4438686
153377_60,66.780495,50.032352
153377_63,67.97051,56.31867
153377_64,73.862175,5.680777
153377_65,59.61781,6.282701
153377_66,74.735214,51.120167
153377_67,71.59658,26.671593
153377_68,45.311535,4.864298
153377_69,60.579243,4.3583064
153377_70,77.78839,7.2113004
153377_72,27.51418,2.8300622
153377_73,68.14456,15.451713
153377_74,47.523174,23.820011
153378_1,66.9215,3.5299113
153378_2,50.17471,64.40466
153378_3,60.156933,3.042187
153378_4,66.09902,6.237073
153378_5,89.18745,7.981007
153378_6,83.344864,48.497196
153378_8,44.292507,28.034882
153378_9,61.418156,5.7780995
153378_11,41.53235,24.290623
153378_12,55.559635,5.6523504
153378_13,55.490475,9.016664
153378_14,76.619095,5.3374763
153378_15,61.764973,37.013493
153378_16,32.15065,56.3737
153378_17,85.674324,9.230771
153378_18,71.546486,7.7288957
153378_19,78.0799,57.056835
153378_20,83.51681,32.335403
153378_21,43.150352,5.4366813
153378_22,52.437176,5.4684024
153378_23,77.65038,11.83823
153378_24,62.235477,38.36516
153378_25,41.79672,4.559543
153378_26,46.421303,3.32132
153378_27,63.780155,3.3587465
153378_28,72.97457,4.532642
153378_29,93.510735,21.033012
153378_30,81.464714,59.09151
153378_31,41.583958,4.111471
153378_32,16.403076,4.46702
153378_33,58.81301,24.801655
153378_34,54.277706,46.58977
153378_35,39.865017,5.32958
153378_36,57.973587,5.2724776
153378_37,54.267307,6.379151
153378_38,68.267525,4.3981357
153378_39,29.069366,56.71877
153378_40,91.37692,55.32743
153378_41,85.17443,8.936038
153378_42,63.153122,53.950825
153378_43,86.73321,53.709843
153378_44,32.109993,59.54645
153378_45,63.76594,17.707386
153378_46,83.90247,40.534924
153378_47,36.099346,17.224846
153378_48,44.64371,4.2948427
153378_49,28.894844,59.679882
153378_50,48.99771,59.39526
153378_51,68.62528,39.004284
153378_52,87.00302,51.249836
153378_53,63.77763,59.595856
153378_55,64.22027,2.972239
153378_56,67.849266,7.821467
153378_58,25.005322,3.2104897
153378_59,75.45161,62.058956
153378_60,20.045929,3.1007965
153378_61,51.195953,47.10014
153378_62,77.64913,6.2045107
153378_64,38.122322,3.0131261
153378_65,39.014366,56.496372
153378_66,51.744717,49.97781
153378_67,88.720406,6.5365033
153378_69,22.022411,4.5476775
153378_70,75.90449,52.158203
153378_71,77.55462,55.00707
153378_72,74.07079,6.962291
153378_73,44.64461,17.86389
153378_74,61.05856,59.16983
153378_75,88.02424,39.27401
153378_76,83.6405,15.036762
153378_77,92.73313,57.055973
153378_78,77.21186,5.8550525
153378_79,72.88705,5.4343085
153378_80,72.632484,49.341724
153378_81,87.63409,16.0336
153378_82,31.085186,13.022624
153378_83,54.1982,6.2282014
153378_84,85.665955,9.938817
153378_85,67.8371,5.785095
153378_86,47.909977,7.904812
153378_87,64.43365,34.187885
153378_88,13.227788,6.6210723
153378_89,34.378773,5.348047
153378_90,48.74999,61.487392
153378_91,35.106686,9.193158
153378_92,43.11823,62.2099
153378_93,55.143024,6.0327125
153379_1,39.34186,2.9313977
153379_2,63.09158,9.284263
153379_3,59.44694,5.936024
153379_4,43.186573,3.7062128
153379_5,22.32005,2.4262857
153379_6,32.3167,48.013683
153379_7,83.22201,37.194866
153379_9,41.30907,8.377374
153379_11,33.765095,55.293804
153379_12,78.39883,54.53987
153379_13,73.14699,30.36008
153379_15,81.76066,60.738575
153379_16,44.02712,26.263954
153379_17,33.620464,51.122974
153379_18,80.83403,35.661144
153379_19,39.64082,8.897418
153379_20,60.32413,21.182108
153379_21,71.92648,58.06026
153379_22,32.772854,39.52184
153379_23,47.663395,51.477856
153379_24,71.55125,7.116676
153379_25,29.799816,52.173824
153379_26,34.122997,5.494184
153379_27,27.592205,44.847317
153379_29,20.063683,2.7010565
153379_30,46.740032,32.935993
153379_31,54.73467,19.920582
153379_32,48.723297,4.6408696
153379_33,51.23653,53.653484
153379_34,46.292805,5.224391
153379_35,68.5987,8.977461
153379_36,51.800003,18.119732
153379_37,37.715305,9.6752205
153379_38,44.724136,5.8102975
153379_39,46.25254,7.0388875
153379_40,57.28268,37.887844
153379_41,30.817425,24.739897
153379_42,46.086506,22.583763
153379_43,43.034473,8.669604
153379_44,49.89359,7.013928
153379_45,46.869457,9.234866
153379_46,26.351944,50.65091
153379_47,43.06915,8.367248
153379_48,32.877327,3.1002202
153379_49,49.063454,6.8741956
153379_50,49.422665,12.635777
153379_51,60.302517,13.670094
153379_52,61.104794,32.450897
153379_54,21.142624,16.419758
153379_55,33.944103,22.310904
153379_56,31.696533,29.8807
153379_57,68.684456,33.922882
153379_58,45.411858,3.7509375
153379_59,17.068966,4.2441945
153379_60,35.966667,52.990437
153379_61,60.61977,3.794497
153379_62,40.153652,6.210796
153379_63,77.66564,42.2008
153379_64,73.917534,16.297703
153379_65,54.06624,50.71909
153379_66,86.375725,13.758256
153379_67,77.550606,37.028423
153379_68,78.9139,16.180716
153379_69,46.3941,6.5390754
153379_70,66.35915,51.69639
153379_71,88.183846,50.779415
153379_72,53.214615,54.141705
153379_73,44.61719,4.2537837
153379_74,36.85291,59.790546
153379_75,75.41163,10.22469
153379_76,67.02008,61.99802
153379_77,85.30331,28.696133
153379_78,69.71554,54.440624
153379_79,74.47228,49.89592
153379_80,69.84903,9.862483
153379_81,42.744198,50.534653
153379_82,59.767956,4.463096
153379_84,54.046032,8.974521
153379_87,54.296837,55.651848
153379_88,94.90855,25.040096
153379_89,74.32967,11.760581
153379_90,35.876244,2.6816103
153379_91,71.91416,46.843456
153379_92,69.025444,39.63836
153379_93,90.92057,49.394444
153379_94,79.77644,59.547085
153379_96,37.59408,25.841427
153379_97,80.01917,34.297085
153379_98,51.80096,48.615738
153379_100,67.516014,39.141235
153380_1,57.49129,3.316667
153380_2,52.151752,56.447575
153380_3,29.466488,59.043114
153380_4,67.011635,58.833584
153380_5,30.135757,34.698387
153380_6,59.49329,52.201557
153380_8,73.87966,11.307495
153380_9,92.957695,23.951084
153380_10,20.107685,2.565261
153380_11,52.096256,61.86212
153380_12,55.989933,27.35645
153380_13,61.387074,57.92512
153380_15,48.458096,24.21252
153380_16,67.54784,55.39227
153380_17,73.660065,44.059254
153380_18,88.68663,37.084625
153380_20,81.1457,5.408596
153380_21,35.08769,26.888676
153380_22,70.85563,5.0409045
153380_23,67.51078,5.8217254
153380_24,57.430214,55.67206
153380_25,74.66062,52.74872
153380_26,21.42986,4.517283
153380_27,51.078903,57.47721
153380_28,73.60288,4.6468625
153380_29,51.093044,6.586565
153380_30,66.50097,5.0761743
153380_31,42.149147,19.375229
153380_32,70.216446,52.40284
153380_33,48.55196,9.050733
153380_34,36.45119,2.9012713
153380_35,76.6959,47.433155
153380_36,26.283802,2.6671731
153380_37,73.561806,6.3188787
153380_38,83.11642,6.7683463
153380_39,73.02656,4.429217
153380_40,33.808323,3.909378
153380_41,35.862118,30.569508
153380_42,73.69255,8.409827
153380_44,59.060757,34.037617
153380_45,51.221775,6.5962663
153380_46,82.324715,45.545887
153380_47,76.16227,14.633765
153380_48,90.641,8.990087
153380_49,66.59379,57.09964
153380_50,79.09845,32.626762
153380_52,56.414593,45.680325
153380_53,52.976852,27.211832
153380_54,70.10029,6.7459874
153380_55,74.96581,26.791405
153380_57,46.768833,19.451485
153380_58,72.54533,61.72687
153380_59,38.303253,45.89308
153380_61,72.81185,53.311825
153380_62,56.1021,47.546947
153380_63,27.775818,2.0377522
153380_64,66.57937,4.70743
153380_65,56.505497,4.594336
153380_66,63.077763,43.79191
153380_67,81.30771,43.603687
153380_68,60.080288,3.653105
153380_69,57.77047,45.557762
153380_70,43.27004,45.41564
153380_71,50.829967,46.348995
153380_72,58.350918,42.92555
153380_74,94.4934,18.047928
153380_75,61.701115,43.91609
153380_76,68.47263,58.481194
153380_77,48.24526,9.930705
153380_78,49.73743,42.57951
153380_79,40.275806,4.765863
153380_80,49.428455,17.301502
153380_81,61.286907,25.087688
153380_82,83.782555,28.66498
153380_83,54.09689,38.652454
153380_84,72.65601,14.115396
153380_85,52.760082,3.1033587
153380_86,61.929634,30.558533
153380_87,70.10238,43.542667
153380_88,31.31625,2.847649
153380_89,88.88166,33.363026
153380_90,80.126595,5.475474
153380_91,83.27024,42.69666
153380_92,24.924953,41.26634
153380_93,70.978836,16.154348
153380_94,35.71313,50.20111
153380_95,76.20171,10.050906
153380_96,62.343292,49.248478
153380_97,72.360214,3.6185708
153380_98,77.12074,34.722904
153380_99,59.52597,38.189045
153380_100,42.888874,59.26443
153380_101,57.33092,17.08754
153380_102,62.35718,29.983242
153380_103,51.80586,58.35214
153380_104,41.264942,59.437077
153380_105,87.72813,31.36064
153380_106,64.67234,52.02532
153380_107,53.733105,25.570612
153381_1,54.872334,3.8828638
153381_2,52.17335,49.886524
153381_3,65.91062,49.695377
153381_4,41.873547,5.6975803
153381_5,73.75448,15.542171
153381_6,66.42863,43.33352
153381_7,48.707485,16.862272
153381_8,34.509335,6.6978536
153381_10,39.955173,4.7282557
153381_11,36.013935,48.583576
153381_12,36.63348,11.221726
153381_13,74.544266,57.302685
153381_14,80.69556,55.514084
153381_16,71.0382,48.825485
153381_17,42.772896,4.949126
153381_18,62.10757,50.216816
153381_21,55.28818,50.634945
153381_22,49.34334,6.2111773
153381_23,35.095753,55.552334
153381_24,27.270573,50.594593
153381_25,78.95103,5.33925
153381_26,57.32248,17.691713
153381_27,28.828472,3.961165
153381_28,65.978874,6.936505
153381_29,63.217503,41.040516
153381_30,79.92423,6.8146133
153381_31,55.883335,40.234936
153381_32,34.29444,4.548356
153381_33,36.733128,50.483112
153381_34,30.489391,4.1612587
153381_35,72.41253,5.2899404
153381_36,85.213974,33.65375
153381_37,77.724464,40.4014
153381_39,87.197426,9.125144
153381_41,77.50233,53.4073
153381_42,77.754036,9.683078
153381_43,51.912113,8.450682
153381_44,65.413475,28.757248
153381_45,30.300308,2.2066774
153381_46,50.65095,60.69631
153381_47,56.923244,4.781933
153381_48,34.470833,6.253322
153381_49,73.74566,20.120045
153381_50,30.578342,12.660465
153381_51,77.94546,7.5038576
153381_52,72.30819,6.721088
153381_55,38.82285,21.793655
153381_57,75.689644,44.091526
153381_58,70.769325,39.545734
153381_59,79.2349,7.4163513
153381_60,52.229435,60.54926
153381_61,54.30448,50.552784
153381_62,81.05903,43.3102
153381_63,77.64054,29.518093
153381_64,40.624058,14.90359
153381_65,33.213894,56.62033
153381_66,74.93425,22.63344
153381_67,77.667305,45.09565
153381_68,44.287445,23.158794
153381_70,74.85905,7.1595654
153381_71,86.86916,58.466053
153381_72,27.1273,26.843163
153381_73,60.195095,52.628826
153381_74,41.208256,16.968609
153381_75,57.838665,32.402706
153381_76,76.4993,12.986033
153381_79,24.682945,2.3311312
153381_80,77.43592,43.364334
153381_82,87.015114,18.084473
153381_83,82.5709,7.555371
153381_84,67.075325,12.612829
153381_85,66.152824,44.77978
153381_88,64.663185,3.825531
153381_89,75.69571,23.000614
153381_90,37.86575,2.853959
153381_92,34.00188,39.885143
153381_93,78.584404,11.4654455
153381_94,76.99913,10.473285
153381_95,70.65884,20.36853
153381_96,58.519184,47.385357
153382_1,55.809483,48.661694
153382_2,26.258411,46.27216
153382_3,75.43815,10.5198
153382_4,63.535477,56.206913
153382_5,85.089386,9.401254
153382_6,75.19405,25.051243
153382_7,79.943886,51.378872
153382_8,63.09707,37.45121
153382_10,72.79031,58.051258
153382_11,33.120567,4.729321
153382_12,25.804531,3.1471553
153382_13,74.11913,34.430874
153382_14,57.85198,59.717144
153382_15,18.802261,3.557651
153382_16,35.33109,4.4452376
153382_17,81.11016,45.01612
153382_18,53.15717,52.87533
153382_19,72.41636,58.21664
153382_20,61.06838,29.237366
153382_22,68.943924,51.098553
153382_23,60.495617,5.275431
153382_24,73.72915,46.102543
153382_25,31.433758,57.5472
153382_26,34.8693,48.90343
153382_27,31.731445,39.49789
153382_28,60.92009,47.808624
153382_29,45.106148,4.6541905
153382_30,78.84702,55.894066
153382_31,74.56345,42.324955
153382_32,49.643726,28.894783
153382_34,77.95632,17.42619
153382_35,67.567505,47.337475
153382_36,72.57737,38.399708
153382_37,64.27117,23.379711
153382_38,45.239643,8.106954
153382_39,30.025246,16.448277
153382_40,58.79928,54.218822
153382_41,84.33273,20.324425
153382_42,90.59524,9.695205
153382_43,36.840366,38.166767
153382_44,54.034496,28.084017
153382_45,75.716896,4.65648
153382_47,74.24896,55.60268
153382_49,54.76037,5.5407386
153382_50,32.874554,28.42345
153382_51,29.144276,32.91017
153382_52,59.526543,21.051899
153382_53,29.703182,4.7723694
153382_54,82.584045,46.78932
153382_55,52.107594,11.7611475
153382_56,50.685123,5.9961967
153382_57,56.411762,5.254392
153382_58,53.49577,2.5093205
153382_59,49.07284,16.779219
153382_63,49.311783,45.035233
153382_64,91.28497,58.745747
153382_65,26.415504,48.292583
153382_66,75.96584,55.052914
153382_67,88.42906,9.235889
153382_68,77.01734,10.298799
153382_70,73.252014,31.622292
153382_71,80.205635,43.422592
153382_72,44.130444,6.968191
153382_73,74.15841,54.029728
153382_75,37.960865,8.675868
153382_76,39.771606,39.284462
153382_77,31.020988,55.951084
153382_78,74.60711,36.587383
153382_80,71.301476,15.054725
153382_81,78.69411,33.29901
153382_82,84.861046,21.023453
153382_83,78.66361,8.173439
153382_84,81.40497,18.179424
153382_85,51.146194,43.224308
153382_87,81.93184,19.32446
153382_88,48.952755,45.657722
153382_89,42.2407,8.6816435
153383_1,88.215126,49.557957
153383_2,28.611572,57.15928
153383_4,33.5741,3.4675117
153383_5,52.835728,5.2037864
153383_6,77.62574,5.7481065
153383_7,76.701515,6.7616487
153383_8,32.28146,49.16997
153383_9,81.186424,10.191945
153383_10,80.468254,56.93794
153383_11,61.572056,58.625248
153383_13,28.967678,3.5967236
153383_14,52.99735,6.1182704
153383_15,83.173805,7.396946
153383_16,72.2483,3.3439288
153383_17,49.57642,49.857174
153383_18,55.808895,45.57368
153383_19,85.42111,59.295868
153383_20,55.700706,3.8054483
153383_21,48.67786,14.379531
153383_22,58.652966,57.946224
153383_23,72.55538,13.907573
153383_24,75.086006,58.323303
153383_25,66.20823,55.59126
153383_26,36.692005,6.6321692
153383_27,69.42132,42.687725
153383_28,57.708157,3.7200933
153383_29,73.952866,17.323648
153383_30,53.05198,40.46679
153383_31,53.275772,59.77608
153383_32,35.6375,21.08376
153383_34,52.08015,4.4271326
153383_35,75.62334,31.51625
153383_36,92.95327,18.244938
153383_37,48.021015,6.571009
153383_38,75.66245,6.865926
153383_39,55.4177,51.037357
153383_40,58.1457,3.126586
153383_41,27.67495,9.9332285
153383_42,36.404415,59.915047
153383_43,20.373901,3.404066
153383_44,70.039925,61.024113
153383_45,62.660343,29.881538
153383_46,32.739292,21.641264
153383_47,83.20986,33.84872
153383_48,68.223656,36.339565
153383_49,69.926765,3.6454854
153383_50,39.33476,63.85015
153383_51,35.9787,58.20648
153383_53,66.10467,8.234486
153383_54,35.327156,2.8190532
153383_55,71.42224,61.916656
153383_56,76.82645,7.15284
153383_57,62.309742,13.596797
153383_58,48.520992,49.605682
153383_59,59.032803,56.409374
153383_60,68.990616,4.375955
153383_62,73.14004,62.225697
153383_64,74.18539,44.817104
153383_65,34.053356,47.93307
153383_66,55.757175,2.950088
153383_67,65.750755,56.415257
153383_68,64.02312,7.335295
153383_69,36.807156,6.779188
153383_70,34.109623,2.2416182
153383_71,52.740036,18.017181
153383_73,27.74002,56.32178
153383_74,48.125134,59.386494
153383_75,43.296337,29.127071
153383_76,65.59838,59.68076
153383_77,55.96884,39.332523
153383_78,76.43136,48.248306
153383_79,76.678276,33.696053
153383_80,79.29609,17.686478
153383_81,48.93262,13.935313
153383_82,26.83511,4.4574904
153383_83,63.74961,34.741726
153383_84,53.43549,53.784306
153383_86,42.87592,50.23479
153384_1,49.823967,63.139828
153384_2,47.580997,58.02861
153384_3,45.213993,4.3659124
153384_4,32.804737,59.218357
153384_5,63.923775,3.9051704
153384_6,60.85896,58.148464
153384_7,51.12843,3.7400284
153384_9,56.728184,11.170896
153384_10,73.65595,17.755735
153384_11,43.116474,4.6527452
153384_12,83.92476,54.391396
153384_15,55.330494,43.567257
153384_16,70.05566,9.710458
153384_17,34.36392,52.402393
153384_18,46.525135,4.1419506
153384_19,63.24467,20.951027
153384_20,74.42971,8.003546
153384_21,55.700596,43.795162
153384_23,44.852905,11.799737
153384_24,39.965313,41.936886
153384_25,73.502594,58.01089
153384_27,64.852,53.592945
153384_28,65.72141,58.266697
153384_29,77.56768,6.0972476
153384_30,64.8827,61.007816
153384_32,77.242805,23.487686
153384_33,54.223602,58.968525
153384_34,79.09338,37.27581
153384_35,41.35993,2.9434533
153384_36,90.55178,23.420082
153384_37,31.653622,33.576008
153384_38,35.023155,21.652054
153384_39,48.038548,61.31172
153384_40,33.967815,3.5946565
153384_43,64.58047,4.6450224
153384_44,34.434185,25.366142
153384_45,72.40266,13.216456
153384_46,70.04133,45.21902
153384_48,86.76815,60.637585
153384_49,16.229782,3.2521183
153384_50,54.241962,48.74092
153384_51,90.71879,13.397221
153384_52,46.236187,59.29247
153384_53,56.027653,5.5123067
153384_54,81.11408,5.9018645
153384_55,81.51371,5.594994
153384_58,77.72218,42.522762
153384_60,40.927197,6.5492587
153384_61,68.469765,34.5743
153384_62,53.080685,10.403491
153384_63,59.012188,6.5269675
153384_65,40.37269,5.35005
153384_66,25.561481,4.765154
153384_69,89.24272,13.372046
153384_70,30.739273,2.2636585
153384_71,36.960865,3.314649
153384_73,25.997524,52.108334
153384_74,28.791386,53.17963
153384_75,82.19693,25.385006
153384_76,31.142445,22.782574
153384_77,92.5575,42.313343
153384_80,57.037613,24.118563
153384_81,83.12813,10.42067
153384_82,69.03199,3.7751398
153384_85,84.6343,46.628143
153384_86,69.311165,5.8196054
153384_87,54.72684,49.017254
153384_88,39.18668,4.0059223
153384_89,76.33578,5.6937723
153384_90,73.39991,5.181764
153384_91,35.375828,47.653645
153384_93,42.201565,8.654679
153384_94,27.037872,33.323566
153384_95,75.90772,18.858723
153384_96,76.67686,13.782928
153384_97,19.407612,2.8234632
153384_98,57.439358,60.275745
153384_99,34.3499,3.6848679
153384_100,89.03121,46.097034
153384_101,38.173496,9.616421
153384_103,30.370396,35.27701
153384_104,65.22877,63.731785
153384_105,65.98343,8.531929
153384_106,42.71356,41.915813
153384_107,67.285095,38.286198
153384_108,74.866356,4.7523794
153384_109,81.141846,41.84608
153384_110,66.51078,48.12048
153384_111,73.03016,61.400707
153384_113,41.054024,33.191124
153384_114,93.833916,27.24022
153384_116,84.9076,32.021797
153384_117,66.358154,46.91119
153384_119,89.7878,52.60159
153385_1,63.685825,49.91241
153385_2,39.53619,6.25239
153385_3,44.790375,58.708004
153385_4,28.79258,58.01104
153385_5,71.93048,17.415916
153385_6,32.96789,58.040867
153385_7,51.31027,59.089672
153385_8,76.85288,34.17187
153385_9,64.30537,59.341305
153385_10,80.173256,45.107006
153385_11,74.17857,34.990887
153385_12,51.9801,37.771877
153385_13,36.23212,23.587894
153385_16,63.340015,8.974992
153385_17,56.868374,37.73264
153385_18,57.879063,43.71388
153385_19,32.170597,61.379032
153385_20,42.754124,62.939457
153385_21,40.8177,49.247837
153385_22,76.28092,52.477978
153385_23,75.6032,53.55557
153385_24,39.063545,52.67126
153385_25,27.618912,47.26255
153385_26,59.499508,23.186844
153385_28,64.90338,57.888298
153385_30,25.317627,46.603386
153385_31,68.40279,7.473054
153385_34,50.52212,4.7820535
153385_35,38.019577,53.31134
153385_36,74.14262,55.345417
153385_38,83.459274,24.099123
153385_39,76.54496,57.52465
153385_40,86.1559,41.685772
153385_41,58.382378,3.2614694
153385_42,27.842144,48.249256
153385_43,29.863728,59.59926
153385_44,31.455872,2.7677612
153385_45,76.664566,41.676506
153385_47,86.7817,55.62154
153385_48,36.61847,17.975573
153385_49,39.218513,12.916877
153385_50,39.498844,4.3138285
153385_51,56.296455,54.292915
153385_52,82.23318,11.185976
153385_53,66.2387,30.374634
153385_54,51.876644,26.60807
153385_55,60.720074,3.4024296
153385_58,52.92131,44.87685
153385_59,84.68636,11.756867
153385_60,93.21079,23.333126
153385_61,57.039406,53.279675
153385_63,56.771328,32.282337
153385_64,57.99278,6.743064
153385_65,45.534412,10.236885
153385_66,93.748116,19.151306
153385_67,54.470707,5.880798
153385_68,78.94905,11.075289
153385_69,57.625458,58.45619
153385_70,56.166454,17.402794
153385_72,64.35938,37.6522
153385_74,61.277035,5.6679893
153385_75,46.908302,8.143993
153385_76,70.11301,5.5901046
153385_77,90.6254,60.650166
153385_79,30.63704,5.5700164
153385_80,60.034344,8.018061
153385_81,50.508224,3.770997
153385_82,45.81786,25.564774
153385_83,71.771996,18.46806
153385_84,66.93424,5.0125017
153385_89,62.00526,24.747204
153385_90,92.19619,50.62076
153386_1,81.048,10.342809
153386_2,67.20725,7.7989135
153386_3,44.96208,10.620285
153386_4,47.49899,8.627454
153386_5,80.169914,46.677944
153386_6,76.12213,8.518865
153386_7,53.393177,60.537304
153386_8,80.48928,14.488797
153386_10,54.438663,26.741182
153386_12,50.84147,37.247044
153386_13,59.948154,50.31394
153386_14,36.591007,53.838665
153386_15,89.35163,59.149857
153386_16,80.16624,6.5425096
153386_17,30.311527,52.26082
153386_18,77.7394,5.3393946
153386_20,53.42708,2.2583535
153386_21,70.15037,7.607348
153386_22,61.127186,60.1972
153386_23,84.472466,32.598995
153386_24,72.253395,30.710827
153386_25,73.07634,5.8137383
153386_26,71.31728,4.7470193
153386_28,35.140587,17.195766
153386_29,59.5899,39.358032
153386_31,78.83366,18.077463
153386_33,49.013386,58.563427
153386_34,62.551632,5.3510556
153386_35,39.129402,51.967842
153386_36,90.277885,9.198053
153386_37,31.106575,50.66309
153386_38,73.18404,24.128979
153386_39,50.5414,10.985521
153386_40,36.752148,30.472849
153386_41,47.40756,5.7862773
153386_42,68.57902,27.724443
153386_43,81.07398,60.2699
153386_44,69.40471,62.246094
153386_45,62.766235,33.69671
153386_46,78.297005,20.737186
153386_47,70.56898,56.572502
153386_48,50.876884,4.7298064
153386_49,41.080143,63.697773
153386_50,35.28053,8.752362
153386_51,50.64703,13.135317
153386_52,63.331577,61.65855
153386_53,25.10337,41.165695
153386_54,93.78024,36.15845
153386_55,88.38334,15.815616
153386_56,59.3765,35.873592
153386_57,85.495155,22.711155
153386_58,53.560627,19.047049
153386_59,61.928722,19.872837
153386_60,80.97751,15.676689
153386_61,88.883965,8.055153
153386_62,55.569744,51.888348
153386_63,73.38064,61.446274
153386_64,64.23729,56.453854
153386_66,71.41296,4.408871
153386_67,47.272003,51.966576
153386_69,63.693264,6.5591226
153386_70,42.18922,5.754565
153386_72,60.886738,4.011486
153386_73,32.12252,7.8734117
153386_74,50.479923,8.897653
153386_76,85.36617,41.67214
153386_77,76.065994,14.371089
153386_78,63.570652,12.859654
153386_79,82.91171,11.001296
153386_80,29.981815,18.196281
153386_81,78.63789,35.47143
153386_82,75.15363,16.241608
153387_1,80.40124,7.663468
153387_2,82.804756,5.4022985
153387_3,57.45996,13.5928135
153387_4,77.812904,9.341166
153387_5,65.49659,34.209347
153387_6,34.889637,37.010227
153387_7,19.77089,2.777989
153387_8,84.33718,42.931263
153387_10,81.7783,8.085244
153387_11,51.604874,57.000828
153387_12,23.35315,38.975048
153387_13,49.488285,7.1954513
153387_14,58.481102,3.3103442
153387_15,22.312202,2.709773
153387_16,90.54769,7.291512
153387_17,77.34237,6.8138666
153387_18,67.40002,4.44674
153387_19,79.562904,19.00803
153387_20,55.853283,4.7490473
153387_21,55.47196,33.854115
153387_22,59.576492,48.70496
153387_25,50.780052,40.370075
153387_26,44.699215,10.566869
153387_27,80.22312,43.944912
153387_29,80.845314,4.2145925
153387_30,74.445274,8.128898
153387_31,71.40247,5.042013
153387_32,75.289566,59.75475
153387_33,37.640617,9.395276
153387_34,74.82638,11.660111
153387_35,27.00222,54.40948
153387_36,65.6623,27.035946
153387_37,57.916485,21.893686
153387_38,74.25383,12.518107
153387_39,18.465233,2.803545
153387_40,30.979702,5.29644
153387_41,55.050426,54.141735
153387_42,80.364204,6.5104523
153387_43,73.69002,40.60322
153387_44,76.48025,13.908126
153387_45,83.72169,17.448751
153387_46,38.004696,43.450672
153387_47,83.29492,40.306858
153387_48,49.387066,52.495922
153387_49,57.506298,7.259256
153387_50,81.41888,37.185253
153387_51,65.567955,7.0095663
153387_52,46.221207,41.72228
153387_54,81.115715,24.115108
153387_55,37.684666,27.960491
153387_56,63.304348,16.042963
153387_57,82.53918,8.297243
153387_58,72.97629,4.8237367
153387_59,69.01921,12.709672
153387_60,40.18497,3.117136
153387_61,80.21433,7.4662623
153387_62,94.63206,18.014988
153387_63,58.97095,39.122738
153387_64,64.99617,57.542133
153387_66,27.060123,42.393845
153387_67,83.07931,51.703156
153387_68,66.10566,4.210083
153387_69,87.98296,7.418694
153387_70,44.651245,8.346171
153387_71,55.433372,8.229091
153387_72,67.234604,32.546494
153387_73,39.282497,18.689217
153387_74,49.255474,52.943874
153387_75,43.81789,55.27434
153387_76,44.825764,8.523654
153387_77,80.719475,31.347267
153387_78,87.86085,28.708794
153387_79,62.42059,7.6508665
153387_80,79.40657,6.4337463
153387_81,67.68,57.030354
153387_82,88.09878,53.44985
153387_83,74.699165,14.668854
153387_84,91.859215,60.088406
153387_85,77.2401,10.494266
153387_86,30.646358,3.8270154
153387_87,37.724968,9.621591
153387_88,45.358784,5.0202775
153388_1,64.91998,3.5724745
153388_2,77.34223,8.601166
153388_4,93.48,56.57358
153388_5,57.704304,4.586082
153388_6,79.07664,59.530895
153388_7,49.750996,3.297952
153388_8,67.52314,5.948359
153388_9,67.379585,40.30776
153388_10,46.80946,4.786261
153388_11,52.718433,4.406857
153388_12,75.216446,23.072987
153388_13,93.9629,18.74028
153388_14,62.618656,4.0362234
153388_15,52.14578,57.089954
153388_16,61.44942,57.92896
153388_17,52.22019,4.8932395
153388_18,37.529827,2.9327822
153388_19,41.731068,11.815751
153388_20,13.489001,5.883619
153388_21,45.65084,60.777172
153388_22,60.1516,4.760322
153388_23,50.445286,13.930617
153388_24,82.39616,6.9984117
153388_25,70.3341,59.21275
153388_26,33.360687,6.566236
153388_27,51.837856,6.1967034
153388_28,86.32946,48.319942
153388_29,72.130196,6.3449087
153388_32,89.992256,7.159552
153388_33,57.91242,5.2936893
153388_34,58.230675,42.303867
153388_35,77.80129,10.71609
153388_36,36.082584,61.22423
153388_37,85.586494,51.50417
153388_38,89.720604,9.0983095
153388_39,28.09644,3.4244137
153388_40,74.444984,48.04697
153388_41,40.367596,25.07329
153388_42,60.912773,3.0568366
153388_43,53.331944,23.79382
153388_44,49.723515,28.241947
153388_45,33.82997,55.8166
153388_46,72.43652,46.981876
153388_47,71.009026,21.084103
153388_48,57.934925,43.168705
153388_49,40.501854,58.236
153388_50,52.995007,21.716492
153388_51,74.19157,6.489158
153388_52,50.556953,13.129964
153388_54,71.892525,5.036205
153388_55,28.344841,58.657154
153388_56,59.358875,3.292893
153388_57,37.863476,4.557932
153388_59,88.49805,19.865772
153388_60,84.90856,41.688
153388_61,79.638405,31.650455
153388_62,69.30897,8.608163
153388_63,37.086033,31.07833
153388_64,65.456635,61.166515
153388_65,70.214836,62.77741
153388_66,31.494087,3.2719226
153388_67,79.98464,59.144306
153388_68,52.357315,42.625294
153388_69,48.335384,52.018032
153388_70,44.154644,23.143589
153388_71,53.440426,18.927286
153388_72,77.45939,6.458888
153388_73,75.53986,15.43634
153388_74,57.493465,13.327664
153388_75,56.708492,13.116491
153388_78,68.7289,27.121014
153388_79,56.24239,14.911849
153388_80,47.693226,56.61787
153388_81,76.62894,15.945884
153388_82,29.202488,37.168125
153389_1,75.80066,59.45576
153389_2,33.545033,3.9648337
153389_3,48.31482,9.743141
153389_4,45.97656,53.78435
153389_5,62.466084,57.383327
153389_6,49.541782,52.8297
153389_8,52.032116,31.004772
153389_9,56.036274,14.281167
153389_10,66.8877,4.555327
153389_11,62.662876,3.0521991
153389_12,29.804298,59.694485
153389_13,51.591618,35.96417
153389_14,84.4847,38.276264
153389_15,51.2833,5.5331707
153389_16,81.14773,58.16657
153389_17,30.890518,55.216557
153389_18,80.82575,59.925076
153389_19,52.624466,40.179737
153389_21,35.25754,57.863213
153389_22,33.914154,3.357912
153389_23,77.39869,6.5917583
153389_24,78.77283,23.09822
153389_25,68.52134,48.836414
153389_26,63.64227,6.309122
153389_27,55.520565,44.90971
153389_28,66.952614,29.745949
153389_29,35.67066,55.57415
153389_30,74.18273,60.724186
153389_31,80.72863,48.707096
153389_32,76.81919,24.117628
153389_33,46.31959,28.490349
153389_34,26.62204,50.00607
153389_35,46.76443,45.10995
153389_36,68.01582,9.3173
153389_37,55.364002,39.386875
153389_38,15.668114,6.2203045
153389_39,69.82386,62.5332
153389_40,27.336315,53.537952
153389_41,68.25979,54.181324
153389_42,72.91087,47.807835
153389_43,44.18046,7.095881
153389_45,55.91965,49.01753
153389_47,49.916557,49.127594
153389_48,50.497025,49.2666
153389_50,56.216614,56.323856
153389_51,22.372208,33.14831
153389_52,59.99479,3.9151254
153389_53,49.913486,57.4459
153389_54,75.47402,59.60031
153389_55,41.119854,52.726467
153389_57,68.68034,4.134678
153389_58,90.95022,42.970715
153389_60,71.915,59.207035
153389_61,60.956974,4.165668
153389_62,29.842896,53.123158
153389_63,29.977322,32.073326
153389_64,65.025444,3.6525922
153389_65,70.777016,4.724871
153389_66,80.72925,35.51714
153389_67,27.829224,13.291522
153389_68,77.53619,23.940887
153389_69,74.063354,53.169003
153389_70,80.592026,53.068
153389_71,63.80515,10.438752
153389_72,82.11046,6.693703
153389_73,81.19279,45.210155
153389_75,76.77923,26.2916
153389_76,35.063812,10.578471
153389_78,79.54476,50.081898
153389_80,74.90837,44.23981
153389_81,80.902245,39.8131
153389_82,74.61503,22.154442
153390_1,45.466946,7.327587
153390_2,40.965633,5.390278
153390_3,74.72047,8.607593
153390_4,49.90131,12.469684
153390_5,68.37313,51.256145
153390_6,92.29677,23.501787
153390_7,75.79949,13.372327
153390_8,31.284431,45.56854
153390_9,66.47908,25.140902
153390_10,92.578865,12.750949
153390_11,28.988201,53.8119
153390_12,76.51086,7.207562
153390_13,34.595657,31.425896
153390_14,59.982582,2.2476456
153390_15,34.16065,17.427788
153390_16,86.02726,58.853634
153390_17,45.980995,56.353443
153390_18,54.514523,11.002212
153390_19,54.355587,26.102436
153390_20,86.88764,47.051426
153390_21,69.6161,4.9052844
153390_22,46.043087,8.281577
153390_24,28.856064,34.506718
153390_26,57.543125,4.2681766
153390_27,79.34928,15.88344
153390_28,46.680347,3.1024985
153390_29,27.873203,48.617126
153390_30,76.78608,40.553997
153390_31,77.89977,26.009459
153390_32,63.613636,16.36706
153390_33,54.77061,45.50602
153390_34,80.05081,15.785319
153390_35,27.82845,54.691128
153390_36,56.948963,3.7303414
153390_37,71.72486,4.27257
153390_38,74.03402,12.426919
153390_39,50.20214,57.382027
153390_40,50.472267,13.631393
153390_41,41.285404,2.7360072
153390_42,75.243546,9.934105
153390_43,35.152557,41.43457
153390_44,30.317535,50.386257
153390_45,67.48826,5.1107826
153390_46,62.976734,59.65381
153390_47,93.18145,54.145973
153390_48,46.310246,13.639907
153390_49,36.592888,44.23034
153390_50,43.36835,51.836147
153390_51,18.88065,3.9559727
153390_52,35.947887,24.400425
153390_53,81.54974,6.0508046
153390_56,41.801212,5.8110704
153390_59,25.833618,29.124245
153390_60,43.07195,39.73344
153390_61,37.426647,58.70426
153390_62,73.527565,13.800609
153390_63,28.186375,36.11855
153390_64,31.250557,11.367475
153390_65,38.041782,54.88073
153390_66,73.87321,25.160255
153390_67,48.62915,49.767406
153390_68,78.127174,33.845974
153390_69,87.42916,52.544262
153390_71,36.692738,2.6513906
153390_72,74.92785,59.764328
153390_73,25.471008,35.815395
153390_74,65.21308,48.041378
153390_75,50.92564,4.0721226
153390_76,38.5891,6.3875766
153390_77,28.812897,47.77962
153390_78,75.78635,7.8574886
153390_80,62.399075,44.059517
153390_81,78.57061,7.3879538
153390_82,68.199265,5.854568
153390_83,55.32459,25.323296
153390_84,70.766365,4.987099
153390_86,70.96751,10.529969
153391_1,30.019218,60.09258
153391_2,61.395294,55.709213
153391_3,67.48341,3.6583524
153391_5,33.550594,60.511055
153391_6,26.261124,35.13989
153391_9,29.634342,56.449234
153391_10,30.791748,59.188587
153391_11,90.447655,60.28136
153391_12,74.3469,40.96088
153391_13,36.29259,2.6493092
153391_14,58.968163,44.077675
153391_15,39.696926,26.963074
153391_16,73.709816,37.633175
153391_17,83.809364,44.009365
153391_18,80.55124,51.947712
153391_19,23.330723,2.5969954
153391_20,65.9144,43.522064
153391_21,58.21362,41.006237
153391_22,57.608147,38.683468
153391_24,56.273304,50.080402
153391_26,52.427185,54.907864
153391_27,74.269295,12.997111
153391_28,85.62437,19.147558
153391_29,65.83151,59.62427
153391_30,48.1308,22.593277
153391_31,43.276173,4.3732
153391_32,35.462463,60.48391
153391_33,70.74427,30.098915
153391_34,49.25076,62.01453
153391_35,46.466633,60.709713
153391_36,72.51485,6.4629455
153391_37,39.993183,58.853344
153391_38,64.020615,43.948093
153391_39,30.461731,45.691498
153391_40,72.82667,6.190985
153391_41,29.649918,60.116352
153391_42,44.628815,52.95207
153391_43,40.058884,5.2203994
153391_44,56.02345,23.919819
153391_45,79.0229,9.165628
153391_46,39.10061,63.333298
153391_47,64.05347,35.50493
153391_48,87.35331,27.604982
153391_49,51.65901,54.817116
153391_50,74.76237,50.100685
153391_51,76.24183,51.408657
153391_52,51.536816,55.159252
153391_53,34.32462,58.618008
153391_54,50.57674,6.937654
153391_55,84.31579,48.188473
153391_56,61.580967,48.351364
153391_57,59.57063,3.8566952
153391_58,34.39664,51.74125
153391_59,58.4185,3.0224435
153391_60,57.917572,5.3649096
153391_61,67.35345,53.49599
153391_63,71.37061,20.081928
153391_64,70.775,2.9663868
153391_65,68.64181,43.660374
153391_66,88.49151,58.635216
153391_68,53.65187,40.969593
153391_69,51.285236,55.79201
153391_70,59.60986,2.7015424
153391_71,65.80127,57.991596
153391_72,62.092144,5.2428555
153391_73,71.81602,7.104099
153391_76,55.163597,36.685852
153391_77,65.549576,12.465703
153391_78,88.12127,46.99129
153391_79,67.48267,6.4778314
153391_80,58.85621,8.802232
153391_81,42.80097,59.233006
153391_82,56.083347,32.938713
153391_83,67.81089,7.9462233
153391_85,68.38923,45.729046
153391_86,71.59611,4.7050734
153392_1,64.79069,4.8676305
153392_2,71.46145,5.1757016
153392_3,50.564297,49.71023
153392_4,63.975475,3.4822867
153392_5,89.91984,9.603702
153392_6,81.90377,55.26914
153392_7,34.41286,57.095104
153392_8,87.49468,50.432346
153392_10,24.072357,3.004288
153392_11,71.934456,38.452526
153392_13,27.321766,51.505993
153392_14,69.161964,57.176632
153392_15,69.71386,27.402348
153392_17,54.501633,29.732967
153392_18,92.1783,60.58925
153392_20,29.69278,58.002293
153392_21,18.403385,4.140976
153392_22,78.48874,29.131678
153392_23,80.243095,8.644721
153392_24,81.83254,9.374872
153392_25,30.134655,57.752422
153392_26,70.70869,19.029898
153392_27,51.206703,14.90941
153392_29,32.748383,5.871116
153392_30,58.740044,2.9252477
153392_32,30.66246,56.872486
153392_33,27.858803,57.843765
153392_34,36.542233,5.975236
153392_35,34.174145,3.2074046
153392_36,68.31734,43.974506
153392_37,46.052822,8.83015
153392_38,59.518166,52.436665
153392_39,77.15041,6.38102
153392_40,72.44007,36.882336
153392_41,78.88017,54.12293
153392_44,34.734203,16.13141
153392_45,52.744534,43.40346
153392_46,58.796635,11.344776
153392_47,41.738647,4.1916723
153392_48,60.508205,3.8881228
153392_49,67.03445,36.690693
153392_50,73.8287,60.33568
153392_52,29.789711,2.9373078
153392_53,70.50559,57.732952
153392_54,81.2247,54.230633
153392_55,84.0484,5.6113353
153392_56,41.245625,18.832312
153392_57,44.73776,28.298967
153392_59,34.39446,5.5498424
153392_60,22.280048,2.4247422
153392_62,71.06766,5.0066066
153392_63,31.662815,58.43896
153392_64,62.669506,15.3012705
153392_65,76.17924,13.736293
153392_66,43.13474,2.550559
153392_67,71.32392,22.198544
153392_68,64.84371,58.451984
153392_71,75.33268,7.1372437
153392_72,73.11494,28.563625
153392_73,81.535,59.193195
153392_74,71.98514,59.193855
153392_75,82.59809,60.206043
153392_76,58.8027,18.466936
153392_77,83.37516,27.672413
153392_78,74.528275,6.830407
153392_79,53.361973,49.99339
153392_80,39.76589,5.7758293
153392_81,50.142517,52.251396
153392_82,71.16741,37.34815
153392_83,27.537018,55.281445
153392_84,64.89823,4.4496393
153392_85,54.615807,2.5752537
153392_86,75.609634,60.88576
153392_87,87.05437,62.755333
153392_89,75.07189,34.598812
153392_90,66.54675,31.19464
153392_91,70.391846,33.702065
153392_92,61.653065,38.0482
153392_93,76.593185,8.282857
153392_95,74.09684,22.711597
153392_96,32.94559,56.712955
153392_97,20.470749,2.8712857
153392_98,43.889214,5.95873
153392_99,63.59319,37.993244
153392_100,79.02534,10.358838
153392_102,52.466717,3.3013182
153392_103,28.231209,24.562143
153392_104,62.29817,21.400496
153392_105,74.49023,26.218258
153392_106,57.30169,47.645054
153392_107,57.871197,23.844875
153392_108,84.23688,54.06989
